date,strategy,spy_calibrated_rf_pred,tlt_calibrated_rf_pred,spy_rf_uncertainty,tlt_rf_uncertainty,spy_unc_scaled,tlt_unc_scaled,spy_price_ma5_gap,spy_price_ma20_gap,spy_ret_lag1,spy_ret_lag5,w_spy,w_tlt,w_cash,turnover,transaction_cost,gross_return,net_return,portfolio_value,drawdown
2024-05-06,Static 60/40,,,,,,,,,,,0.6,0.4,0.0,0.0,0.0,0.00309353678998904,0.00309353678998904,1.0030935367899891,0.0
2024-05-07,Static 60/40,,,,,,,,,,,0.6,0.4,0.0,0.0,0.0,-0.002373742104215061,-0.002373742104215061,1.0007124514272447,-0.0023737421042150375
2024-05-08,Static 60/40,,,,,,,,,,,0.6,0.4,0.0,0.0,0.0,0.00539391257181834,0.00539391257181834,1.0061102068997734,0.0
2024-05-09,Static 60/40,,,,,,,,,,,0.6,0.4,0.0,0.0,0.0,-0.0014849752363783,-0.0014849752363783,1.0046161581574597,-0.0014849752363783608
2024-05-10,Static 60/40,,,,,,,,,,,0.6,0.4,0.0,0.0,0.0,0.0011000947727183598,0.0011000947727183598,1.0057213311416373,-0.00038651407715495356
2024-05-13,Static 60/40,,,,,,,,,,,0.6,0.4,0.0,0.0,0.0,0.00499830230003546,0.00499830230003546,1.0107482303842774,0.0
2024-05-14,Static 60/40,,,,,,,,,,,0.6,0.4,0.0,0.0,0.0,0.01280605691721432,0.01280605691721432,1.023691929751552,0.0
2024-05-15,Static 60/40,,,,,,,,,,,0.6,0.4,0.0,0.0,0.0,-0.00162678995689514,-0.00162678995689514,1.0220265980012777,-0.001626789956895136
2024-05-16,Static 60/40,,,,,,,,,,,0.6,0.4,0.0,0.0,0.0,-0.0018424902922136604,-0.0018424902922136604,1.0201435239160763,-0.0034662829044055377
2024-05-17,Static 60/40,,,,,,,,,,,0.6,0.4,0.0,0.0,0.0,-0.0004925716693175202,-0.0004925716693175202,1.0196410301175576,-0.003957147180966514
2024-05-20,Static 60/40,,,,,,,,,,,0.6,0.4,0.0,0.0,0.0,0.0035274216344705605,0.0035274216344705605,1.0232377339465881,-0.0004436840730728253
2024-05-21,Static 60/40,,,,,,,,,,,0.6,0.4,0.0,0.0,0.0,-0.0012498757814477196,-0.0012498757814477196,1.0219588138842648,-0.0016930053045430826
2024-05-22,Static 60/40,,,,,,,,,,,0.6,0.4,0.0,0.0,0.0,-0.0069804841297772206,-0.0069804841297772206,1.0148250466026596,-0.00866167143766039
2024-05-23,Static 60/40,,,,,,,,,,,0.6,0.4,0.0,0.0,0.0,0.005140216050882739,0.005140216050882739,1.0200414665960444,-0.003565978249329027
2024-05-24,Static 60/40,,,,,,,,,,,0.6,0.4,0.0,0.0,0.0,-0.005356551950279281,-0.005356551950279281,1.0145775614887838,-0.008903428851862127
2024-05-28,Static 60/40,,,,,,,,,,,0.6,0.4,0.0,0.0,0.0,-0.00908640027918834,-0.00908640027918834,1.0053587036508138,-0.01790892901264518
2024-05-29,Static 60/40,,,,,,,,,,,0.6,0.4,0.0,0.0,0.0,-0.0001460143144570397,-0.0001460143144570397,1.0052119068889167,-0.018052328367109904
2024-05-30,Static 60/40,,,,,,,,,,,0.6,0.4,0.0,0.0,0.0,0.00814675815995522,0.00814675815995522,1.0134011251938482,-0.010052638160585547
2024-05-31,Static 60/40,,,,,,,,,,,0.6,0.4,0.0,0.0,0.0,0.006907121450462641,0.006907121450462641,1.0204008098435975,-0.0032149515027957154
2024-06-03,Static 60/40,,,,,,,,,,,0.6,0.4,0.0,0.0,0.0,0.0053158013047870205,0.0053158013047870205,1.0258250577999697,0.0
2024-06-04,Static 60/40,,,,,,,,,,,0.6,0.4,0.0,0.0,0.0,0.0100134045372092,0.0100134045372092,1.0360970590881267,0.0
2024-06-05,Static 60/40,,,,,,,,,,,0.6,0.4,0.0,0.0,0.0,-0.000611602592616478,-0.000611602592616478,1.035463379440586,-0.0006116025926165003
2024-06-06,Static 60/40,,,,,,,,,,,0.6,0.4,0.0,0.0,0.0,-0.008136249254974099,-0.008136249254974099,1.0270385912910596,-0.008742875696452157
2024-06-07,Static 60/40,,,,,,,,,,,0.6,0.4,0.0,0.0,0.0,-0.0008246221895707203,-0.0008246221895707203,1.0261916724791356,-0.009560288316722843
2024-06-10,Static 60/40,,,,,,,,,,,0.6,0.4,0.0,0.0,0.0,0.0055589064958572,0.0055589064958572,1.0318961760332743,-0.004054526569691741
2024-06-11,Static 60/40,,,,,,,,,,,0.6,0.4,0.0,0.0,0.0,0.007901962910326962,0.007901962910326962,1.0400501813435974,0.0
2024-06-12,Static 60/40,,,,,,,,,,,0.6,0.4,0.0,0.0,0.0,0.00704400419277296,0.00704400419277296,1.0473762991816762,0.0
2024-06-13,Static 60/40,,,,,,,,,,,0.6,0.4,0.0,0.0,0.0,0.0037168125620847003,0.0037168125620847003,1.0512692005677045,0.0
2024-06-14,Static 60/40,,,,,,,,,,,0.6,0.4,0.0,0.0,0.0,0.00076486807434362,0.00076486807434362,1.0520732828167596,0.0
2024-06-17,Static 60/40,,,,,,,,,,,0.6,0.4,0.0,0.0,0.0,0.0051759714051954,0.0051759714051954,1.057518784044789,0.0
2024-06-18,Static 60/40,,,,,,,,,,,0.6,0.4,0.0,0.0,0.0,-0.00430532724097742,-0.00430532724097742,1.0529658196159957,-0.00430532724097743
2024-06-20,Static 60/40,,,,,,,,,,,0.6,0.4,0.0,0.0,0.0,-0.0008048261488746,-0.0008048261488746,1.0521183651904975,-0.005106688349909128
2024-06-21,Static 60/40,,,,,,,,,,,0.6,0.4,0.0,0.0,0.0,-0.0003391874116229596,-0.0003391874116229596,1.0517614998854876,-0.00544414363712864
2024-06-24,Static 60/40,,,,,,,,,,,0.6,0.4,0.0,0.0,0.0,0.00298400077264824,0.00298400077264824,1.0548999570137876,-0.002476388193299983
2024-06-25,Static 60/40,,,,,,,,,,,0.6,0.4,0.0,0.0,0.0,-0.0050072543801125205,-0.0050072543801125205,1.0496178045834499,-0.00747124266778465
2024-06-26,Static 60/40,,,,,,,,,,,0.6,0.4,0.0,0.0,0.0,0.002530842042556,0.002530842042556,1.052274221451905,-0.004959309160282421
2024-06-27,Static 60/40,,,,,,,,,,,0.6,0.4,0.0,0.0,0.0,-0.009877982175393102,-0.009877982175393102,1.0418798754487772,-0.01478830336818815
2024-06-28,Static 60/40,,,,,,,,,,,0.6,0.4,0.0,0.0,0.0,-0.005730346863099379,-0.005730346863099379,1.0359095423727729,-0.020433908123471123
2024-07-01,Static 60/40,,,,,,,,,,,0.6,0.4,0.0,0.0,0.0,0.00712647884316166,0.00712647884316166,1.043291929809922,-0.013453051094234336
2024-07-02,Static 60/40,,,,,,,,,,,0.6,0.4,0.0,0.0,0.0,0.007890763691944322,0.007890763691944322,1.0515242998897645,-0.0056684422494104325
2024-07-03,Static 60/40,,,,,,,,,,,0.6,0.4,0.0,0.0,0.0,0.00674779844179824,0.00674779844179824,1.0586197739220737,0.0
2024-07-05,Static 60/40,,,,,,,,,,,0.6,0.4,0.0,0.0,0.0,0.00155537905234564,0.00155537905234564,1.0602663289428311,0.0
2024-07-08,Static 60/40,,,,,,,,,,,0.6,0.4,0.0,0.0,0.0,-0.00118867544255102,-0.00118867544255102,1.0590060163950532,-0.0011886754425508572
2024-07-09,Static 60/40,,,,,,,,,,,0.6,0.4,0.0,0.0,0.0,0.007162032805420561,0.007162032805420561,1.0665906522256123,0.0
2024-07-10,Static 60/40,,,,,,,,,,,0.6,0.4,0.0,0.0,0.0,-0.0013289085802320006,-0.0013289085802320006,1.0651732507562743,-0.0013289085802321576
2024-07-11,Static 60/40,,,,,,,,,,,0.6,0.4,0.0,0.0,0.0,0.00547958047288192,0.00547958047288192,1.0710099533013546,0.0
2024-07-12,Static 60/40,,,,,,,,,,,0.6,0.4,0.0,0.0,0.0,-0.0029774432448734407,-0.0029774432448734407,1.0678210819507052,-0.002977443244873479
2024-07-15,Static 60/40,,,,,,,,,,,0.6,0.4,0.0,0.0,0.0,0.009151178087796339,0.009151178087796339,1.0775929028375395,0.0
2024-07-16,Static 60/40,,,,,,,,,,,0.6,0.4,0.0,0.0,0.0,-0.008387350054730519,-0.008387350054730519,1.0685547539449478,-0.008387350054730569
2024-07-17,Static 60/40,,,,,,,,,,,0.6,0.4,0.0,0.0,0.0,-0.0076982425820249,-0.0076982425820249,1.0603287602369036,-0.016021024781413873
2024-07-18,Static 60/40,,,,,,,,,,,0.6,0.4,0.0,0.0,0.0,-0.00635825996571544,-0.00635825996571544,1.0535869143301926,-0.022277418906651913
2024-07-19,Static 60/40,,,,,,,,,,,0.6,0.4,0.0,0.0,0.0,0.004990379904411139,0.004990379904411139,1.0588447132950165,-0.01739821178587464
2024-07-22,Static 60/40,,,,,,,,,,,0.6,0.4,0.0,0.0,0.0,-0.0015036289111119401,-0.0015036289111119401,1.0572526037717282,-0.018875680242743553
2024-07-23,Static 60/40,,,,,,,,,,,0.6,0.4,0.0,0.0,0.0,-0.01810076582211846,-0.01810076582211846,1.0381155219760312,-0.03663478179705493
2024-07-24,Static 60/40,,,,,,,,,,,0.6,0.4,0.0,0.0,0.0,0.00013010313650288008,0.00013010313650288008,1.0382505840614926,-0.03650944496056896
2024-07-25,Static 60/40,,,,,,,,,,,0.6,0.4,0.0,0.0,0.0,0.00979168494623634,0.00979168494623634,1.0484168066758686,-0.027075248996948575
2024-07-26,Static 60/40,,,,,,,,,,,0.6,0.4,0.0,0.0,0.0,0.0024974931852342003,0.0024974931852342003,1.0510352205058264,-0.0246453760615728
2024-07-29,Static 60/40,,,,,,,,,,,0.6,0.4,0.0,0.0,0.0,-0.0015101960854207595,-0.0015101960854207595,1.049447951230179,-0.026118352796541733
2024-07-30,Static 60/40,,,,,,,,,,,0.6,0.4,0.0,0.0,0.0,0.01374534350719222,0.01374534350719222,1.063872973812757,-0.012732015020380016
2024-07-31,Static 60/40,,,,,,,,,,,0.6,0.4,0.0,0.0,0.0,-0.005122460000694939,-0.005122460000694939,1.0584233270585808,-0.017789255783404845
2024-08-01,Static 60/40,,,,,,,,,,,0.6,0.4,0.0,0.0,0.0,0.0009979912007595636,0.0009979912007595636,1.0594796242256639,-0.016809018103385198
2024-08-02,Static 60/40,,,,,,,,,,,0.6,0.4,0.0,0.0,0.0,-0.015622752007525399,-0.015622752007525399,1.04292763679936,-0.03216916698959149
2024-08-05,Static 60/40,,,,,,,,,,,0.6,0.4,0.0,0.0,0.0,-0.003542612061091261,-0.003542612061091261,1.0392329487743892,-0.035597816171710206
2024-08-06,Static 60/40,,,,,,,,,,,0.6,0.4,0.0,0.0,0.0,-0.00684987658988462,-0.00684987658988462,1.0321143313271428,-0.04220385211394917
2024-08-07,Static 60/40,,,,,,,,,,,0.6,0.4,0.0,0.0,0.0,0.01124423206194872,0.01124423206194872,1.0437196643830484,-0.03143416995907766
2024-08-08,Static 60/40,,,,,,,,,,,0.6,0.4,0.0,0.0,0.0,0.00656539539494064,0.00656539539494064,1.050572096661198,-0.025075152318830063
2024-08-09,Static 60/40,,,,,,,,,,,0.6,0.4,0.0,0.0,0.0,0.00176686695347342,0.00176686695347342,1.0524283177810299,-0.023352589823342096
2024-08-12,Static 60/40,,,,,,,,,,,0.6,0.4,0.0,0.0,0.0,0.01255149045536298,0.01255149045536298,1.0656378617666122,-0.01109420917625481
2024-08-13,Static 60/40,,,,,,,,,,,0.6,0.4,0.0,0.0,0.0,0.00439044779039428,0.00439044779039428,1.070316489162166,-0.006752469932024607
2024-08-14,Static 60/40,,,,,,,,,,,0.6,0.4,0.0,0.0,0.0,0.00695580225653206,0.00695580225653206,1.0777613990126838,0.0
2024-08-15,Static 60/40,,,,,,,,,,,0.6,0.4,0.0,0.0,0.0,0.00274180243132566,0.00274180243132566,1.0807164078368858,0.0
2024-08-16,Static 60/40,,,,,,,,,,,0.6,0.4,0.0,0.0,0.0,0.007552650487562859,0.007552650487562859,1.0888786811414524,0.0
2024-08-19,Static 60/40,,,,,,,,,,,0.6,0.4,0.0,0.0,0.0,0.00219824443853504,0.00219824443853504,1.091272302646511,0.0
2024-08-20,Static 60/40,,,,,,,,,,,0.6,0.4,0.0,0.0,0.0,0.0023014569074002,0.0023014569074002,1.0937838188252913,0.0
2024-08-21,Static 60/40,,,,,,,,,,,0.6,0.4,0.0,0.0,0.0,-0.008718013128034281,-0.008718013128034281,1.084248197133541,-0.00871801312803433
2024-08-22,Static 60/40,,,,,,,,,,,0.6,0.4,0.0,0.0,0.0,0.00895198889426406,0.00895198889426406,1.0939543749529062,0.0
2024-08-23,Static 60/40,,,,,,,,,,,0.6,0.4,0.0,0.0,0.0,-0.00244963363343774,-0.00244963363343774,1.0912745875225751,-0.0024496336334377533
2024-08-26,Static 60/40,,,,,,,,,,,0.6,0.4,0.0,0.0,0.0,0.00012984714866462,0.00012984714866462,1.0914162864161752,-0.002320104562715697
2024-08-27,Static 60/40,,,,,,,,,,,0.6,0.4,0.0,0.0,0.0,-0.00398357707289622,-0.00398357707289622,1.0870685455206222,-0.006294439320269074
2024-08-28,Static 60/40,,,,,,,,,,,0.6,0.4,0.0,0.0,0.0,-0.001256730929116375,-0.001256730929116375,1.0857023928573968,-0.007543259832810345
2024-08-29,Static 60/40,,,,,,,,,,,0.6,0.4,0.0,0.0,0.0,0.0014124752986051188,0.0014124752986051188,1.0872359206689444,-0.0061414392023899644
2024-08-30,Static 60/40,,,,,,,,,,,0.6,0.4,0.0,0.0,0.0,-0.005987134463515858,-0.005987134463515858,1.080726493018335,-0.012091804043601662
2024-09-03,Static 60/40,,,,,,,,,,,0.6,0.4,0.0,0.0,0.0,0.00389365228133354,0.00389365228133354,1.0849344661933733,-0.008245233042667888
2024-09-04,Static 60/40,,,,,,,,,,,0.6,0.4,0.0,0.0,0.0,0.0007949095802702799,0.0007949095802702799,1.0857968909945157,-0.007456877677134988
2024-09-05,Static 60/40,,,,,,,,,,,0.6,0.4,0.0,0.0,0.0,-0.01022428454146596,-0.01022428454146596,1.0746953946267488,-0.017604920979438887
2024-09-06,Static 60/40,,,,,,,,,,,0.6,0.4,0.0,0.0,0.0,0.00840438362403596,0.00840438362403596,1.0837275470021768,-0.009348495864984874
2024-09-09,Static 60/40,,,,,,,,,,,0.6,0.4,0.0,0.0,0.0,0.00539826222694564,0.00539826222694564,1.089577792483459,-0.004000699270145902
2024-09-10,Static 60/40,,,,,,,,,,,0.6,0.4,0.0,0.0,0.0,0.005806128849627479,0.005806128849627479,1.0959040215383107,0.0
2024-09-11,Static 60/40,,,,,,,,,,,0.6,0.4,0.0,0.0,0.0,0.00315978762639922,0.00315978762639922,1.0993668455052885,0.0
2024-09-12,Static 60/40,,,,,,,,,,,0.6,0.4,0.0,0.0,0.0,0.00420246812969718,0.00420246812969718,1.1039868996363702,0.0
2024-09-13,Static 60/40,,,,,,,,,,,0.6,0.4,0.0,0.0,0.0,0.00453386025814572,0.00453386025814572,1.108992221966145,0.0
2024-09-16,Static 60/40,,,,,,,,,,,0.6,0.4,0.0,0.0,0.0,-0.0016939523402271601,-0.0016939523402271601,1.1071136419964518,-0.0016939523402270673
2024-09-17,Static 60/40,,,,,,,,,,,0.6,0.4,0.0,0.0,0.0,-0.006771387019149581,-0.006771387019149581,1.0996169470523136,-0.008453868952489008
2024-09-18,Static 60/40,,,,,,,,,,,0.6,0.4,0.0,0.0,0.0,0.00882453869965418,0.00882453869965418,1.1093205593563724,0.0
2024-09-19,Static 60/40,,,,,,,,,,,0.6,0.4,0.0,0.0,0.0,-0.00257222765225406,-0.00257222765225406,1.106467134338382,-0.0025722276522540666
2024-09-20,Static 60/40,,,,,,,,,,,0.6,0.4,0.0,0.0,0.0,0.0006469727281870399,0.0006469727281870399,1.1071829883989344,-0.0019269190852085893
2024-09-23,Static 60/40,,,,,,,,,,,0.6,0.4,0.0,0.0,0.0,0.00163321653887114,0.00163321653887114,1.1089912579671442,-0.0002968496224565742
2024-09-24,Static 60/40,,,,,,,,,,,0.6,0.4,0.0,0.0,0.0,-0.00466353900473,-0.00466353900473,1.1038194339797098,-0.0049590042573937065
2024-09-25,Static 60/40,,,,,,,,,,,0.6,0.4,0.0,0.0,0.0,0.0033133305869332197,0.0033133305869332197,1.1074767526727662,-0.0016621044909470584
2024-09-26,Static 60/40,,,,,,,,,,,0.6,0.4,0.0,0.0,0.0,0.0012042428996066803,0.0012042428996066803,1.1088104236886518,-0.0004598631688721433
2024-09-27,Static 60/40,,,,,,,,,,,0.6,0.4,0.0,0.0,0.0,0.0004877948752880601,0.0004877948752880601,1.1093512957309932,0.0
2024-09-30,Static 60/40,,,,,,,,,,,0.6,0.4,0.0,0.0,0.0,-0.00252169315778424,-0.00252169315778424,1.1065538521589693,-0.002521693157784277
2024-10-01,Static 60/40,,,,,,,,,,,0.6,0.4,0.0,0.0,0.0,-0.00313204350966932,-0.00313204350966932,1.1030880773482152,-0.005645838614765308
2024-10-02,Static 60/40,,,,,,,,,,,0.6,0.4,0.0,0.0,0.0,-0.00488400518105624,-0.00488400518105624,1.0977005894632852,-0.010502269490775595
2024-10-03,Static 60/40,,,,,,,,,,,0.6,0.4,0.0,0.0,0.0,0.0004770108316069794,0.0004770108316069794,1.0982242045343207,-0.01003026835547205
2024-10-04,Static 60/40,,,,,,,,,,,0.6,0.4,0.0,0.0,0.0,-0.00847465452601982,-0.00847465452601982,1.0889171338087793,-0.01841991982237612
2024-10-07,Static 60/40,,,,,,,,,,,0.6,0.4,0.0,0.0,0.0,0.0063221753764852,0.0063221753764852,1.095801458899178,-0.012214198409428723
2024-10-08,Static 60/40,,,,,,,,,,,0.6,0.4,0.0,0.0,0.0,0.00186118475334094,0.00186118475334094,1.09784094786717,-0.010375746535941643
2024-10-09,Static 60/40,,,,,,,,,,,0.6,0.4,0.0,0.0,0.0,-0.0026209668365988,-0.0026209668365988,1.09496354315095,-0.012969518884964781
2024-10-10,Static 60/40,,,,,,,,,,,0.6,0.4,0.0,0.0,0.0,0.0019632628570202997,0.0019632628570202997,1.0971132444050096,-0.011031718602644736
2024-10-11,Static 60/40,,,,,,,,,,,0.6,0.4,0.0,0.0,0.0,0.00518571699345104,0.00518571699345104,1.102802563200261,-0.005903208979818331
2024-10-14,Static 60/40,,,,,,,,,,,0.6,0.4,0.0,0.0,0.0,0.00015369829385422033,0.00015369829385422033,1.1029720620726828,-0.005750417999112578
2024-10-15,Static 60/40,,,,,,,,,,,0.6,0.4,0.0,0.0,0.0,0.004284592772524239,0.004284592772524239,1.1076978481981354,-0.0014904634259864658
2024-10-16,Static 60/40,,,,,,,,,,,0.6,0.4,0.0,0.0,0.0,-0.006336545595721972,-0.006336545595721972,1.100678870276745,-0.007817564632250917
2024-10-17,Static 60/40,,,,,,,,,,,0.6,0.4,0.0,0.0,0.0,0.00260177515649042,0.00260177515649042,1.103542589216705,-0.0052361290212048495
2024-10-18,Static 60/40,,,,,,,,,,,0.6,0.4,0.0,0.0,0.0,-0.00803617927724806,-0.00803617927724806,1.094674323129681,-0.013230229826919793
2024-10-21,Static 60/40,,,,,,,,,,,0.6,0.4,0.0,0.0,0.0,7.140957124104002e-05,7.140957124104002e-05,1.0947524933537442,-0.013159765020718028
2024-10-22,Static 60/40,,,,,,,,,,,0.6,0.4,0.0,0.0,0.0,-0.0065922891326641204,-0.0065922891326641204,1.0875355683888515,-0.01966530117744769
2024-10-23,Static 60/40,,,,,,,,,,,0.6,0.4,0.0,0.0,0.0,0.00385132925057596,0.00385132925057596,1.0917240259344292,-0.0158897094765178
2024-10-24,Static 60/40,,,,,,,,,,,0.6,0.4,0.0,0.0,0.0,-0.0024584309637687,-0.0024584309637687,1.0890400977851817,-0.018309076686504167
2024-10-25,Static 60/40,,,,,,,,,,,0.6,0.4,0.0,0.0,0.0,0.0007651530308286599,0.0007651530308286599,1.089873380116696,-0.017557932901193896
2024-10-28,Static 60/40,,,,,,,,,,,0.6,0.4,0.0,0.0,0.0,0.0015791804537332401,0.0015791804537332401,1.0915944868556204,-0.016006479591906153
2024-10-29,Static 60/40,,,,,,,,,,,0.6,0.4,0.0,0.0,0.0,-0.0006460280147631201,-0.0006460280147631201,1.0908892862363508,-0.016642166972435035
2024-10-30,Static 60/40,,,,,,,,,,,0.6,0.4,0.0,0.0,0.0,-0.01122900126491658,-0.01122900126491658,1.078639689061319,-0.027684293323367082
2024-10-31,Static 60/40,,,,,,,,,,,0.6,0.4,0.0,0.0,0.0,-0.0031525334881047007,-0.0031525334881047007,1.0752392413199543,-0.03074955114967548
2024-11-01,Static 60/40,,,,,,,,,,,0.6,0.4,0.0,0.0,0.0,0.00486726123389392,0.00486726123389392,1.0804727115963926,-0.026031956014051838
2024-11-04,Static 60/40,,,,,,,,,,,0.6,0.4,0.0,0.0,0.0,0.00933059481406342,0.00933059481406342,1.090554164675951,-0.016944254833773043
2024-11-05,Static 60/40,,,,,,,,,,,0.6,0.4,0.0,0.0,0.0,0.003628613528177659,0.003628613528177659,1.0945113642711044,-0.013377125457910255
2024-11-06,Static 60/40,,,,,,,,,,,0.6,0.4,0.0,0.0,0.0,0.00960152936841816,0.00960152936841816,1.1050203472792208,-0.0039040369524412366
2024-11-07,Static 60/40,,,,,,,,,,,0.6,0.4,0.0,0.0,0.0,0.007641943034785541,0.007641943034785541,1.1134648498254076,0.0
2024-11-08,Static 60/40,,,,,,,,,,,0.6,0.4,0.0,0.0,0.0,-0.00137952425890608,-0.00137952425890608,1.1119287980536343,-0.001379524258905973
2024-11-11,Static 60/40,,,,,,,,,,,0.6,0.4,0.0,0.0,0.0,-0.00790959738406786,-0.00790959738406786,1.1031338889412796,-0.009278210161504319
2024-11-12,Static 60/40,,,,,,,,,,,0.6,0.4,0.0,0.0,0.0,-0.00352109007342182,-0.00352109007342182,1.0992496551552733,-0.01276663082122731
2024-11-13,Static 60/40,,,,,,,,,,,0.6,0.4,0.0,0.0,0.0,-0.0015609943490243997,-0.0015609943490243997,1.0975337326554089,-0.014307696531683733
2024-11-14,Static 60/40,,,,,,,,,,,0.6,0.4,0.0,0.0,0.0,-0.008799035803537,-0.008799035803537,1.0878764940461843,-0.022980838401172377
2024-11-15,Static 60/40,,,,,,,,,,,0.6,0.4,0.0,0.0,0.0,0.00316315657295716,0.00316315657295716,1.091317617728892,-0.01989037381825609
2024-11-18,Static 60/40,,,,,,,,,,,0.6,0.4,0.0,0.0,0.0,0.00422310109700548,0.00422310109700548,1.0959263623575042,-0.015751271780742315
2024-11-19,Static 60/40,,,,,,,,,,,0.6,0.4,0.0,0.0,0.0,-0.00107756370756632,-0.00107756370756632,1.0947454318832626,-0.016811862489489737
2024-11-20,Static 60/40,,,,,,,,,,,0.6,0.4,0.0,0.0,0.0,0.00290246522880088,0.00290246522880088,1.0979228924336921,-0.013958193106996086
2024-11-21,Static 60/40,,,,,,,,,,,0.6,0.4,0.0,0.0,0.0,0.0020780060142602,0.0020780060142602,1.1002043828073633,-0.011909192301960414
2024-11-22,Static 60/40,,,,,,,,,,,0.6,0.4,0.0,0.0,0.0,0.01225517227982768,0.01225517227982768,1.113687577061689,0.0
2024-11-25,Static 60/40,,,,,,,,,,,0.6,0.4,0.0,0.0,0.0,0.0015689407156681795,0.0015689407156681795,1.115434886845875,0.0
2024-11-26,Static 60/40,,,,,,,,,,,0.6,0.4,0.0,0.0,0.0,0.0009410373938286603,0.0009410373938286603,1.116484552784778,0.0
2024-11-27,Static 60/40,,,,,,,,,,,0.6,0.4,0.0,0.0,0.0,0.00782313415357764,0.00782313415357764,1.1252189612216106,0.0
2024-11-29,Static 60/40,,,,,,,,,,,0.6,0.4,0.0,0.0,0.0,0.00203437443968934,0.00203437443968934,1.1275080779153737,0.0
2024-12-02,Static 60/40,,,,,,,,,,,0.6,0.4,0.0,0.0,0.0,-0.0031882043248061603,-0.0031882043248061603,1.12391335178511,-0.003188204324806043
2024-12-03,Static 60/40,,,,,,,,,,,0.6,0.4,0.0,0.0,0.0,0.00798951629481216,0.00798951629481216,1.1328928758231542,0.0
2024-12-04,Static 60/40,,,,,,,,,,,0.6,0.4,0.0,0.0,0.0,-0.00018107839379071975,-0.00018107839379071975,1.1326877334008634,-0.0001810783937905569
2024-12-05,Static 60/40,,,,,,,,,,,0.6,0.4,0.0,0.0,0.0,0.00173017406628202,0.00173017406628202,1.1346474803423894,0.0
2024-12-06,Static 60/40,,,,,,,,,,,0.6,0.4,0.0,0.0,0.0,-0.0068018474339138005,-0.0068018474339138005,1.1269297812898258,-0.006801847433913766
2024-12-09,Static 60/40,,,,,,,,,,,0.6,0.4,0.0,0.0,0.0,-0.0037547060932274197,-0.0037547060932274197,1.1226984911733775,-0.010531014589135856
2024-12-10,Static 60/40,,,,,,,,,,,0.6,0.4,0.0,0.0,0.0,0.0008208802425259403,0.0008208802425259403,1.1236200921830954,-0.009718779048419779
2024-12-11,Static 60/40,,,,,,,,,,,0.6,0.4,0.0,0.0,0.0,-0.00798828806396918,-0.00798828806396918,1.1146442912122732,-0.017629430705720206
2024-12-12,Static 60/40,,,,,,,,,,,0.6,0.4,0.0,0.0,0.0,-0.004224476441599319,-0.004224476441599319,1.1099355026632838,-0.021779432032624446
2024-12-13,Static 60/40,,,,,,,,,,,0.6,0.4,0.0,0.0,0.0,0.0037526282037334,0.0037526282037334,1.1141006779349032,-0.018108533939797722
2024-12-16,Static 60/40,,,,,,,,,,,0.6,0.4,0.0,0.0,0.0,-0.0015049617233364597,-0.0015049617233364597,1.112423999058668,-0.019586243012689075
2024-12-17,Static 60/40,,,,,,,,,,,0.6,0.4,0.0,0.0,0.0,-0.02318726679891476,-0.02318726679891476,1.0866299269989788,-0.04231935836928036
2024-12-18,Static 60/40,,,,,,,,,,,0.6,0.4,0.0,0.0,0.0,-0.0062871240770284,-0.0062871240770284,1.0797981498221239,-0.04834041538938094
2024-12-19,Static 60/40,,,,,,,,,,,0.6,0.4,0.0,0.0,0.0,0.00943489495755044,0.00943489495755044,1.089985931941053,-0.03936160717323356
2024-12-20,Static 60/40,,,,,,,,,,,0.6,0.4,0.0,0.0,0.0,-0.00010350607812664074,-0.00010350607812664074,1.0898731117720246,-0.03946103908577292
2024-12-23,Static 60/40,,,,,,,,,,,0.6,0.4,0.0,0.0,0.0,0.0083198922103866,0.0083198922103866,1.0989407385849665,-0.031469458467089706
2024-12-24,Static 60/40,,,,,,,,,,,0.6,0.4,0.0,0.0,0.0,-0.00018766459000301488,-0.00018766459000301488,1.0987345063218223,-0.03165121735407195
2024-12-26,Static 60/40,,,,,,,,,,,0.6,0.4,0.0,0.0,0.0,-0.00964243172321066,-0.00964243172321066,1.0881400338626785,-0.04098845437498955
2024-12-27,Static 60/40,,,,,,,,,,,0.6,0.4,0.0,0.0,0.0,-0.00368439255238302,-0.00368439255238302,1.084130898825965,-0.04452182937133964
2024-12-30,Static 60/40,,,,,,,,,,,0.6,0.4,0.0,0.0,0.0,-0.00433373905593562,-0.00433373905593562,1.0794325584079765,-0.04866262243648689
2024-12-31,Static 60/40,,,,,,,,,,,0.6,0.4,0.0,0.0,0.0,-0.0003782591689998598,-0.0003782591689998598,1.0790242531454417,-0.049022474522362525
2025-01-02,Static 60/40,,,,,,,,,,,0.6,0.4,0.0,0.0,0.0,0.006174458022826459,0.006174458022826459,1.0856866431021,-0.04315070371064944
2025-01-03,Static 60/40,,,,,,,,,,,0.6,0.4,0.0,0.0,0.0,0.00165531431434852,0.00165531431434852,1.0874837957433239,-0.04156681737382739
2025-01-06,Static 60/40,,,,,,,,,,,0.6,0.4,0.0,0.0,0.0,-0.01135762678754248,-0.01135762678754248,1.0751325606537712,-0.052452343762891984
2025-01-07,Static 60/40,,,,,,,,,,,0.6,0.4,0.0,0.0,0.0,0.00138764232241548,0.00138764232241548,1.0766244600971413,-0.05113748653259176
2025-01-08,Static 60/40,,,,,,,,,,,0.6,0.4,0.0,0.0,0.0,-0.011890081933349601,-0.011890081933349601,1.063823307055138,-0.062419539561203274
2025-01-10,Static 60/40,,,,,,,,,,,0.6,0.4,0.0,0.0,0.0,0.00078910135030676,0.00078910135030676,1.0646627714632229,-0.061679693553849946
2025-01-13,Static 60/40,,,,,,,,,,,0.6,0.4,0.0,0.0,0.0,0.00016892710157387987,0.00016892710157387987,1.0648426218593599,-0.06152118582413402
2025-01-14,Static 60/40,,,,,,,,,,,0.6,0.4,0.0,0.0,0.0,0.0176514032962663,0.0176514032962663,1.083638588424853,-0.04495571779011409
2025-01-15,Static 60/40,,,,,,,,,,,0.6,0.4,0.0,0.0,0.0,0.00013376137307772023,0.00013376137307772023,1.0837835374103606,-0.04482796975557568
2025-01-16,Static 60/40,,,,,,,,,,,0.6,0.4,0.0,0.0,0.0,0.0066826843705447,0.0066826843705447,1.0910261207168666,-0.03844485655787977
2025-01-17,Static 60/40,,,,,,,,,,,0.6,0.4,0.0,0.0,0.0,0.0090296194131925,0.0090296194131925,1.1008776713567916,-0.0297623795677997
2025-01-21,Static 60/40,,,,,,,,,,,0.6,0.4,0.0,0.0,0.0,0.0012663430385408793,0.0012663430385408793,1.1022717601321994,-0.028533725911434882
2025-01-22,Static 60/40,,,,,,,,,,,0.6,0.4,0.0,0.0,0.0,0.0001455847251368796,0.0001455847251368796,1.1024322340634243,-0.028392295260942113
2025-01-23,Static 60/40,,,,,,,,,,,0.6,0.4,0.0,0.0,0.0,3.838160815700033e-05,3.838160815700033e-05,1.1024745471854518,-0.0283550033947364
2025-01-24,Static 60/40,,,,,,,,,,,0.6,0.4,0.0,0.0,0.0,-0.0038517378236477984,-0.0038517378236477984,1.0982281042724487,-0.032097525179318964
2025-01-27,Static 60/40,,,,,,,,,,,0.6,0.4,0.0,0.0,0.0,0.00486137109658604,0.00486137109658604,1.1035669986360173,-0.027392192063911636
2025-01-28,Static 60/40,,,,,,,,,,,0.6,0.4,0.0,0.0,0.0,-0.0035131331684004397,-0.0035131331684004397,1.099690020809557,-0.03080909281381705
2025-01-29,Static 60/40,,,,,,,,,,,0.6,0.4,0.0,0.0,0.0,0.0047087117462658,0.0047087117462658,1.1048681441277943,-0.026245452204775477
2025-01-30,Static 60/40,,,,,,,,,,,0.6,0.4,0.0,0.0,0.0,-0.00583660992056052,-0.00583660992056052,1.0984194597568666,-0.03192887765862806
2025-01-31,Static 60/40,,,,,,,,,,,0.6,0.4,0.0,0.0,0.0,-0.0008076702145129195,-0.0008076702145129195,1.0975322990761796,-0.03271075986967331
2025-02-03,Static 60/40,,,,,,,,,,,0.6,0.4,0.0,0.0,0.0,0.005234658737110581,0.005234658737110581,1.1032775061147997,-0.027647330797512137
2025-02-04,Static 60/40,,,,,,,,,,,0.6,0.4,0.0,0.0,0.0,0.00897791426580128,0.00897791426580128,1.1131826369760853,-0.018917631897289233
2025-02-05,Static 60/40,,,,,,,,,,,0.6,0.4,0.0,0.0,0.0,0.00190371605085818,0.00190371605085818,1.1153018206296332,-0.017049929645918227
2025-02-06,Static 60/40,,,,,,,,,,,0.6,0.4,0.0,0.0,0.0,-0.00810772856516434,-0.00810772856516434,1.1062592561997346,-0.02501942200945828
2025-02-07,Static 60/40,,,,,,,,,,,0.6,0.4,0.0,0.0,0.0,0.002849206230702,0.002849206230702,1.1094112169652706,-0.02224150127183433
2025-02-10,Static 60/40,,,,,,,,,,,0.6,0.4,0.0,0.0,0.0,-0.0021138035350159604,-0.0021138035350159604,1.107066139613063,-0.024308290642837793
2025-02-11,Static 60/40,,,,,,,,,,,0.6,0.4,0.0,0.0,0.0,-0.00740134189578784,-0.00740134189578784,1.0988723646125367,-0.03152971856867581
2025-02-12,Static 60/40,,,,,,,,,,,0.6,0.4,0.0,0.0,0.0,0.01289588974097598,0.01289588974097598,1.1130433014659855,-0.01904043260192556
2025-02-13,Static 60/40,,,,,,,,,,,0.6,0.4,0.0,0.0,0.0,0.0020848359095399322,0.0020848359095399322,1.1153638141097548,-0.016995292870007117
2025-02-14,Static 60/40,,,,,,,,,,,0.6,0.4,0.0,0.0,0.0,-0.0029803180677185005,-0.0029803180677185005,1.1120396751824841,-0.019924959559318944
2025-02-18,Static 60/40,,,,,,,,,,,0.6,0.4,0.0,0.0,0.0,0.00191047787195324,0.00191047787195324,1.1141642023746543,-0.018052547881703407
2025-02-19,Static 60/40,,,,,,,,,,,0.6,0.4,0.0,0.0,0.0,-0.0010077180935391802,-0.0010077180935391802,1.1130414389487477,-0.019042074096107697
2025-02-20,Static 60/40,,,,,,,,,,,0.6,0.4,0.0,0.0,0.0,-0.005546284979412298,-0.005546284979412298,1.106868193934443,-0.024482746305983794
2025-02-21,Static 60/40,,,,,,,,,,,0.6,0.4,0.0,0.0,0.0,-0.0015774834774791998,-0.0015774834774791998,1.105122127646764,-0.026021608655682038
2025-02-24,Static 60/40,,,,,,,,,,,0.6,0.4,0.0,0.0,0.0,0.003848522476324281,0.003848522476324281,1.1093752149940959,-0.02227323092513933
2025-02-25,Static 60/40,,,,,,,,,,,0.6,0.4,0.0,0.0,0.0,0.00265863410439206,0.00265863410439206,1.1123246377752465,-0.01967381319209982
2025-02-26,Static 60/40,,,,,,,,,,,0.6,0.4,0.0,0.0,0.0,-0.01249171442069206,-0.01249171442069206,1.0984297960570584,-0.03191976795683005
2025-02-27,Static 60/40,,,,,,,,,,,0.6,0.4,0.0,0.0,0.0,0.014167461372518939,0.014167461372518939,1.1139917577631206,-0.018204528663859243
2025-02-28,Static 60/40,,,,,,,,,,,0.6,0.4,0.0,0.0,0.0,-0.008742696406890519,-0.008742696406890519,1.1042524660252193,-0.02678806840341119
2025-03-03,Static 60/40,,,,,,,,,,,0.6,0.4,0.0,0.0,0.0,-0.01210108031790232,-0.01210108031790232,1.0908898182426063,-0.038564984154002446
2025-03-04,Static 60/40,,,,,,,,,,,0.6,0.4,0.0,0.0,0.0,0.00320774109212694,0.00320774109212694,1.094389110339566,-0.035480949546263574
2025-03-05,Static 60/40,,,,,,,,,,,0.6,0.4,0.0,0.0,0.0,-0.01207145919215458,-0.01207145919215458,1.0811782368537635,-0.04712410190387162
2025-03-06,Static 60/40,,,,,,,,,,,0.6,0.4,0.0,0.0,0.0,0.0020682347917702596,0.0020682347917702596,1.0834143672993293,-0.04515333081918982
2025-03-07,Static 60/40,,,,,,,,,,,0.6,0.4,0.0,0.0,0.0,-0.01204701040534658,-0.01204701040534658,1.0703624631431723,-0.05665637857832151
2025-03-10,Static 60/40,,,,,,,,,,,0.6,0.4,0.0,0.0,0.0,-0.00787434201832976,-0.00787434201832976,1.061934063024801,-0.06408458889420565
2025-03-11,Static 60/40,,,,,,,,,,,0.6,0.4,0.0,0.0,0.0,0.0007789060382061195,0.0007789060382061195,1.0627612098786678,-0.06335559872924523
2025-03-12,Static 60/40,,,,,,,,,,,0.6,0.4,0.0,0.0,0.0,-0.00455084484290192,-0.00455084484290192,1.0579247485074552,-0.06761812207240125
2025-03-13,Static 60/40,,,,,,,,,,,0.6,0.4,0.0,0.0,0.0,0.010143508107959,0.010143508107959,1.0686558167715512,-0.058160498933928495
2025-03-14,Static 60/40,,,,,,,,,,,0.6,0.4,0.0,0.0,0.0,0.0066003083348143005,0.0066003083348143005,1.0757092746660362,-0.05194406782498484
2025-03-17,Static 60/40,,,,,,,,,,,0.6,0.4,0.0,0.0,0.0,-0.00612320679082672,-0.00612320679082672,1.0691224843304459,-0.05774921034696234
2025-03-18,Static 60/40,,,,,,,,,,,0.6,0.4,0.0,0.0,0.0,0.00856634404525006,0.00856634404525006,1.078280955357733,-0.04967756590588579
2025-03-19,Static 60/40,,,,,,,,,,,0.6,0.4,0.0,0.0,0.0,-0.0014744005705181402,-0.0014744005705181402,1.0766911373019747,-0.051078721844890373
2025-03-20,Static 60/40,,,,,,,,,,,0.6,0.4,0.0,0.0,0.0,-0.0021766281558672405,-0.0021766281558672405,1.0743475810573504,-0.053144170616624464
2025-03-21,Static 60/40,,,,,,,,,,,0.6,0.4,0.0,0.0,0.0,0.006527418267483818,0.006527418267483818,1.0813602970835712,-0.04696364657923391
2025-03-24,Static 60/40,,,,,,,,,,,0.6,0.4,0.0,0.0,0.0,0.00139604944551214,0.00139604944551214,1.0828699295267135,-0.04563316070648793
2025-03-25,Static 60/40,,,,,,,,,,,0.6,0.4,0.0,0.0,0.0,-0.00984388766788796,-0.00984388766788796,1.0722102795815187,-0.05502784066645061
2025-03-26,Static 60/40,,,,,,,,,,,0.6,0.4,0.0,0.0,0.0,-0.00276355966787042,-0.00276355966787042,1.0692471624973912,-0.057639327613245195
2025-03-27,Static 60/40,,,,,,,,,,,0.6,0.4,0.0,0.0,0.0,-0.00671054692063312,-0.00671054692063312,1.0620719292436986,-0.06396308312145593
2025-03-28,Static 60/40,,,,,,,,,,,0.6,0.4,0.0,0.0,0.0,0.00794414950359864,0.00794414950359864,1.070509187433186,-0.056527065912885255
2025-03-31,Static 60/40,,,,,,,,,,,0.6,0.4,0.0,0.0,0.0,0.0051436249053495005,0.0051436249053495005,1.0760154851510728,-0.05167419503159154
2025-04-01,Static 60/40,,,,,,,,,,,0.6,0.4,0.0,0.0,0.0,0.00352265040148368,0.00352265040148368,1.0798059115318428,-0.04833357475398237
2025-04-02,Static 60/40,,,,,,,,,,,0.6,0.4,0.0,0.0,0.0,-0.028488611732660797,-0.028488611732660797,1.0490437401715802,-0.07544523004182546
2025-04-03,Static 60/40,,,,,,,,,,,0.6,0.4,0.0,0.0,0.0,-0.03186456669223422,-0.03186456669223422,1.015616415949812,-0.10490576716978106
2025-04-04,Static 60/40,,,,,,,,,,,0.6,0.4,0.0,0.0,0.0,-0.013317780200266121,-0.013317780200266121,1.0020906597544104,-0.11682643542113968
2025-04-07,Static 60/40,,,,,,,,,,,0.6,0.4,0.0,0.0,0.0,-0.017095608898153997,-0.017095608898153997,0.9849593097547559,-0.13192482527036842
2025-04-08,Static 60/40,,,,,,,,,,,0.6,0.4,0.0,0.0,0.0,0.062265115823770055,0.062265115823770055,1.0462879152583364,-0.07787402397208842
2025-04-09,Static 60/40,,,,,,,,,,,0.6,0.4,0.0,0.0,0.0,-0.03806708380356156,-0.03806708380356156,1.0064587855055436,-0.11297667077898399
2025-04-10,Static 60/40,,,,,,,,,,,0.6,0.4,0.0,0.0,0.0,0.01278091028237642,0.01278091028237642,1.0193222449459993,-0.10163970518983545
2025-04-11,Static 60/40,,,,,,,,,,,0.6,0.4,0.0,0.0,0.0,0.008636706499677939,0.008636706499677939,1.0281258320041908,-0.09388083099259581
2025-04-14,Static 60/40,,,,,,,,,,,0.6,0.4,0.0,0.0,0.0,-0.0002683156996176599,-0.0002683156996176599,1.0278499697022816,-0.09412395699136511
2025-04-15,Static 60/40,,,,,,,,,,,0.6,0.4,0.0,0.0,0.0,-0.01126173390496232,-0.01126173390496232,1.016274596849271,-0.10432569193860841
2025-04-16,Static 60/40,,,,,,,,,,,0.6,0.4,0.0,0.0,0.0,-0.0026931407576717198,-0.0026931407576717198,1.01353762631151,-0.10673786892324788
2025-04-17,Static 60/40,,,,,,,,,,,0.6,0.4,0.0,0.0,0.0,-0.02150807948630516,-0.02150807948630516,0.9917383784824408,-0.12595022184055304
2025-04-21,Static 60/40,,,,,,,,,,,0.6,0.4,0.0,0.0,0.0,0.017637290087494418,0.017637290087494418,1.009229955954637,-0.11053435235224485
2025-04-22,Static 60/40,,,,,,,,,,,0.6,0.4,0.0,0.0,0.0,0.01309255374013802,0.01309255374013802,1.0224433533891302,-0.09888897556040988
2025-04-23,Static 60/40,,,,,,,,,,,0.6,0.4,0.0,0.0,0.0,0.01669070362492822,0.01669070362492822,1.039508652373826,-0.08384879851833316
2025-04-24,Static 60/40,,,,,,,,,,,0.6,0.4,0.0,0.0,0.0,0.00725525783136664,0.00725525783136664,1.0470505556647347,-0.07720188533906724
2025-04-25,Static 60/40,,,,,,,,,,,0.6,0.4,0.0,0.0,0.0,0.00274075680548574,0.00274075680548574,1.0499202666008605,-0.07467272012622084
2025-04-28,Static 60/40,,,,,,,,,,,0.6,0.4,0.0,0.0,0.0,0.007107732623737701,0.007107732623737701,1.0573828191321026,-0.0680957412314277
2025-04-29,Static 60/40,,,,,,,,,,,0.6,0.4,0.0,0.0,0.0,-0.0030123351837518003,-0.0030123351837518003,1.0541976276633365,-0.07090294921800422
2025-04-30,Static 60/40,,,,,,,,,,,0.6,0.4,0.0,0.0,0.0,0.0022036827054482,0.0022036827054482,1.0565207447435425,-0.06885551411551316
2025-05-01,Static 60/40,,,,,,,,,,,0.6,0.4,0.0,0.0,0.0,0.0044877366675620395,0.0044877366675620395,1.061262131629768,-0.06467678286341128
2025-05-02,Static 60/40,,,,,,,,,,,0.6,0.4,0.0,0.0,0.0,-0.00569078439963866,-0.00569078439963866,1.055222717647162,-0.06999950563611201
2025-05-05,Static 60/40,,,,,,,,,,,0.6,0.4,0.0,0.0,0.0,-0.0037086290018001596,-0.0037086290018001596,1.0513092880731374,-0.07344853244119842
2025-05-06,Static 60/40,,,,,,,,,,,0.6,0.4,0.0,0.0,0.0,0.00420527694996038,0.00420527694996038,1.0557303347895506,-0.06955212691172141
2025-05-07,Static 60/40,,,,,,,,,,,0.6,0.4,0.0,0.0,0.0,-0.0003185537636969807,-0.0003185537636969807,1.0553940279179543,-0.06984852458361746
2025-05-08,Static 60/40,,,,,,,,,,,0.6,0.4,0.0,0.0,0.0,-0.00016717088423621996,-0.00016717088423621996,1.0552175967650896,-0.07000401882823648
2025-05-09,Static 60/40,,,,,,,,,,,0.6,0.4,0.0,0.0,0.0,0.015768407371618696,0.015768407371618696,1.071856697696582,-0.055339463343151984
2025-05-12,Static 60/40,,,,,,,,,,,0.6,0.4,0.0,0.0,0.0,0.0023226725320240997,0.0023226725320240997,1.0743462698065878,-0.05314532626257207
2025-05-13,Static 60/40,,,,,,,,,,,0.6,0.4,0.0,0.0,0.0,-0.0018970577809913599,-0.0018970577809913599,1.072308172855972,-0.05494156428885377
2025-05-14,Static 60/40,,,,,,,,,,,0.6,0.4,0.0,0.0,0.0,0.0064243460236898,0.0064243460236898,1.0791970516024294,-0.048870181885238395
2025-05-15,Static 60/40,,,,,,,,,,,0.6,0.4,0.0,0.0,0.0,0.0048558409805296195,0.0048558409805296195,1.0844374608716674,-0.044251646736632844
2025-05-16,Static 60/40,,,,,,,,,,,0.6,0.4,0.0,0.0,0.0,-0.0005044384975823002,-0.0005044384975823002,1.0838904288681832,-0.044733763000019855
2025-05-19,Static 60/40,,,,,,,,,,,0.6,0.4,0.0,0.0,0.0,-0.0049132442131345,-0.0049132442131345,1.0785650104908746,-0.049427219310962944
2025-05-20,Static 60/40,,,,,,,,,,,0.6,0.4,0.0,0.0,0.0,-0.01709157992715232,-0.01709157992715232,1.06013063040744,-0.065674009968685
2025-05-21,Static 60/40,,,,,,,,,,,0.6,0.4,0.0,0.0,0.0,0.00232723104079972,0.00232723104079972,1.0625977993178268,-0.06349961752245814
2025-05-22,Static 60/40,,,,,,,,,,,0.6,0.4,0.0,0.0,0.0,-0.0034467641768247395,-0.0034467641768247395,1.0589352752887653,-0.06672751349236439
2025-05-23,Static 60/40,,,,,,,,,,,0.6,0.4,0.0,0.0,0.0,0.017890474916814857,0.017890474916814857,1.0778801302698495,-0.05003082548194604
2025-05-27,Static 60/40,,,,,,,,,,,0.6,0.4,0.0,0.0,0.0,-0.0052114170586773,-0.0052114170586773,1.072262847371752,-0.054981511043247
2025-05-28,Static 60/40,,,,,,,,,,,0.6,0.4,0.0,0.0,0.0,0.00604869416433356,0.00604869416433356,1.0787486373992812,-0.049265383223906944
2025-05-29,Static 60/40,,,,,,,,,,,0.6,0.4,0.0,0.0,0.0,-6.836940033125999e-05,-6.836940033125999e-05,1.078674884001834,-0.04933038437952997
2025-05-30,Static 60/40,,,,,,,,,,,0.6,0.4,0.0,0.0,0.0,-0.00036983753806400007,-0.00036983753806400007,1.0782759495383634,-0.0496819776896833
2025-06-02,Static 60/40,,,,,,,,,,,0.6,0.4,0.0,0.0,0.0,0.0027066900439450597,0.0027066900439450597,1.0811945083156043,-0.047109761360114466
2025-06-03,Static 60/40,,,,,,,,,,,0.6,0.4,0.0,0.0,0.0,0.00628014503358104,0.00628014503358104,1.0879845666373376,-0.04112547246037235
2025-06-04,Static 60/40,,,,,,,,,,,0.6,0.4,0.0,0.0,0.0,-0.00262899345132376,-0.00262899345132376,1.0851242623365067,-0.043646347313915146
2025-06-05,Static 60/40,,,,,,,,,,,0.6,0.4,0.0,0.0,0.0,0.0010077486210829396,0.0010077486210829396,1.08621779481558,-0.04268258323915308
2025-06-06,Static 60/40,,,,,,,,,,,0.6,0.4,0.0,0.0,0.0,0.00096201798740226,0.00096201798740226,1.087262755872429,-0.041761626664575724
2025-06-09,Static 60/40,,,,,,,,,,,0.6,0.4,0.0,0.0,0.0,0.005446850295666401,0.005446850295666401,1.0931849133357199,-0.03654224569745468
2025-06-10,Static 60/40,,,,,,,,,,,0.6,0.4,0.0,0.0,0.0,-0.0005045621532176999,-0.0005045621532176999,1.092633333601982,-0.037028370016499945
2025-06-11,Static 60/40,,,,,,,,,,,0.6,0.4,0.0,0.0,0.0,0.00713444651796998,0.00713444651796998,1.1004286676843165,-0.03015810042406042
2025-06-12,Static 60/40,,,,,,,,,,,0.6,0.4,0.0,0.0,0.0,-0.01061905713003778,-0.01061905713003778,1.0887431527946454,-0.04045690696276161
2025-06-13,Static 60/40,,,,,,,,,,,0.6,0.4,0.0,0.0,0.0,0.0016300328267037003,0.0016300328267037003,1.0905178398735493,-0.03889282022247431
2025-06-16,Static 60/40,,,,,,,,,,,0.6,0.4,0.0,0.0,0.0,-0.0003106790504014585,-0.0003106790504014585,1.0901790388266115,-0.03919141608842169
2025-06-17,Static 60/40,,,,,,,,,,,0.6,0.4,0.0,0.0,0.0,0.00060269413051162,0.00060269413051162,1.0908360833345192,-0.03861234239435296
2025-06-18,Static 60/40,,,,,,,,,,,0.6,0.4,0.0,0.0,0.0,-0.00215017544412562,-0.00215017544412562,1.088490594374567,-0.04067949452802211
2025-06-20,Static 60/40,,,,,,,,,,,0.6,0.4,0.0,0.0,0.0,0.007190248745055959,0.007190248745055959,1.096317112504774,-0.033781741467445836
2025-06-23,Static 60/40,,,,,,,,,,,0.6,0.4,0.0,0.0,0.0,0.009485821613943,0.009485821613943,1.1067165810663073,-0.024616367426871344
2025-06-24,Static 60/40,,,,,,,,,,,0.6,0.4,0.0,0.0,0.0,0.0008391664717375001,0.0008391664717375001,1.107645300514854,-0.02379785818533453
2025-06-25,Static 60/40,,,,,,,,,,,0.6,0.4,0.0,0.0,0.0,0.00668217857096246,0.00668217857096246,1.1150467842061818,-0.01727470115237284
2025-06-26,Static 60/40,,,,,,,,,,,0.6,0.4,0.0,0.0,0.0,0.00041870441426933996,0.00041870441426933996,1.1155136592168458,-0.016863229731731155
2025-06-27,Static 60/40,,,,,,,,,,,0.6,0.4,0.0,0.0,0.0,0.00677896072819006,0.00677896072819006,1.1230756825044363,-0.0101985841756429
2025-06-30,Static 60/40,,,,,,,,,,,0.6,0.4,0.0,0.0,0.0,0.0007963276041744002,0.0007963276041744002,1.1239700186719916,-0.009410377985571095
2025-07-01,Static 60/40,,,,,,,,,,,0.6,0.4,0.0,0.0,0.0,0.00016429425539813943,0.00016429425539813943,1.1241546804892992,-0.009247629801217072
2025-07-02,Static 60/40,,,,,,,,,,,0.6,0.4,0.0,0.0,0.0,0.0019145228199369192,0.0019145228199369192,1.1263069002782349,-0.007350811779564981
2025-07-03,Static 60/40,,,,,,,,,,,0.6,0.4,0.0,0.0,0.0,-0.00832375192427236,-0.00832375192427236,1.1169318010497227,-0.015613377370142234
2025-07-07,Static 60/40,,,,,,,,,,,0.6,0.4,0.0,0.0,0.0,-0.00083983529118094,-0.00083983529118094,1.1159937623053588,-0.016440099995993163
2025-07-08,Static 60/40,,,,,,,,,,,0.6,0.4,0.0,0.0,0.0,0.00775010778237306,0.00775010778237306,1.1246428342476813,-0.008817404760542047
2025-07-09,Static 60/40,,,,,,,,,,,0.6,0.4,0.0,0.0,0.0,0.00196575641963798,0.00196575641963798,1.1268536081189036,-0.006868981210916725
2025-07-10,Static 60/40,,,,,,,,,,,0.6,0.4,0.0,0.0,0.0,-0.00766920909573192,-0.00766920909573192,1.1182115321779598,-0.01448551065346737
2025-07-11,Static 60/40,,,,,,,,,,,0.6,0.4,0.0,0.0,0.0,0.00030373707703304,0.00030373707703304,1.1185511744802483,-0.014186173363099353
2025-07-14,Static 60/40,,,,,,,,,,,0.6,0.4,0.0,0.0,0.0,-0.00538276396539792,-0.00538276396539792,1.1125302775248025,-0.019492576505711567
2025-07-15,Static 60/40,,,,,,,,,,,0.6,0.4,0.0,0.0,0.0,0.0025668090028956,0.0025668090028956,1.1153859302571472,-0.016975801223680365
2025-07-16,Static 60/40,,,,,,,,,,,0.6,0.4,0.0,0.0,0.0,0.0035666273384023397,0.0035666273384023397,1.1193640962088716,-0.01346972024201376
2025-07-17,Static 60/40,,,,,,,,,,,0.6,0.4,0.0,0.0,0.0,0.00017084502748292006,0.00017084502748292006,1.1195553339986517,-0.01330117644925588
2025-07-18,Static 60/40,,,,,,,,,,,0.6,0.4,0.0,0.0,0.0,0.004687335021699501,0.004687335021699501,1.1248030649244343,-0.008676188497756532
2025-07-21,Static 60/40,,,,,,,,,,,0.6,0.4,0.0,0.0,0.0,0.0024970973734909805,0.0024970973734909805,1.1276118077035517,-0.006200756411775199
2025-07-22,Static 60/40,,,,,,,,,,,0.6,0.4,0.0,0.0,0.0,0.0028576199798926796,0.0028576199798926796,1.1308340937348083,-0.0033608558372952846
2025-07-23,Static 60/40,,,,,,,,,,,0.6,0.4,0.0,0.0,0.0,-0.00049939825231966,-0.00049939825231966,1.1302693571647335,-0.003858575684083543
2025-07-24,Static 60/40,,,,,,,,,,,0.6,0.4,0.0,0.0,0.0,0.00503627416493062,0.00503627416493062,1.135961703527635,0.0
2025-07-25,Static 60/40,,,,,,,,,,,0.6,0.4,0.0,0.0,0.0,-0.00275075220788546,-0.00275075220788546,1.132836954363583,-0.002750752207885565
2025-07-28,Static 60/40,,,,,,,,,,,0.6,0.4,0.0,0.0,0.0,0.0051133128605235,0.0051133128605235,1.1386295041312064,0.0
2025-07-29,Static 60/40,,,,,,,,,,,0.6,0.4,0.0,0.0,0.0,-0.00282276505688462,-0.00282276505688462,1.135415420554207,-0.002822765056884613
2025-07-30,Static 60/40,,,,,,,,,,,0.6,0.4,0.0,0.0,0.0,-0.0020248480743315,-0.0020248480743315,1.1331163768263317,-0.0048418974608263055
2025-07-31,Static 60/40,,,,,,,,,,,0.6,0.4,0.0,0.0,0.0,-0.00426908841846816,-0.00426908841846816,1.1282790028252458,-0.009090315390920978
2025-08-01,Static 60/40,,,,,,,,,,,0.6,0.4,0.0,0.0,0.0,0.01014285342545654,0.01014285342545654,1.1397229713739228,0.0
2025-08-04,Static 60/40,,,,,,,,,,,0.6,0.4,0.0,0.0,0.0,-0.00182511402075652,-0.00182511402075652,1.13764284699909,-0.0018251140207564687
2025-08-05,Static 60/40,,,,,,,,,,,0.6,0.4,0.0,0.0,0.0,0.00226205265379794,0.00226205265379794,1.1402162550202186,0.0
2025-08-06,Static 60/40,,,,,,,,,,,0.6,0.4,0.0,0.0,0.0,-0.0011866119960251401,-0.0011866119960251401,1.1388632607339488,-0.0011866119960250998
2025-08-07,Static 60/40,,,,,,,,,,,0.6,0.4,0.0,0.0,0.0,0.0029229109736087396,0.0029229109736087396,1.1421920566561878,0.0
2025-08-08,Static 60/40,,,,,,,,,,,0.6,0.4,0.0,0.0,0.0,-0.0007296760220449798,-0.0007296760220449798,1.1413586264998756,-0.0007296760220449894
2025-08-11,Static 60/40,,,,,,,,,,,0.6,0.4,0.0,0.0,0.0,0.004334802908054981,0.004334802908054981,1.146306191193161,0.0
2025-08-12,Static 60/40,,,,,,,,,,,0.6,0.4,0.0,0.0,0.0,0.00534889179005018,0.00534889179005018,1.1524376589681176,0.0
2025-08-13,Static 60/40,,,,,,,,,,,0.6,0.4,0.0,0.0,0.0,-0.002920774225801497,-0.002920774225801497,1.1490716487569606,-0.0029207742258013925
2025-08-14,Static 60/40,,,,,,,,,,,0.6,0.4,0.0,0.0,0.0,-0.004266529104232581,-0.004266529104232581,1.1441691011246906,-0.007174841761792616
2025-08-15,Static 60/40,,,,,,,,,,,0.6,0.4,0.0,0.0,0.0,-0.0012897119668099201,-0.0012897119668099201,1.142693452542916,-0.008455300249322284
2025-08-18,Static 60/40,,,,,,,,,,,0.6,0.4,0.0,0.0,0.0,-0.0009491236616431197,-0.0009491236616431197,1.1416088951491028,-0.009396398785432525
2025-08-19,Static 60/40,,,,,,,,,,,0.6,0.4,0.0,0.0,0.0,-0.0007202178149885599,-0.0007202178149885599,1.140786688085067,-0.010109849146619165
2025-08-20,Static 60/40,,,,,,,,,,,0.6,0.4,0.0,0.0,0.0,-0.0043975172771412805,-0.0043975172771412805,1.1357700589146802,-0.01446290818746876
2025-08-21,Static 60/40,,,,,,,,,,,0.6,0.4,0.0,0.0,0.0,0.01209569653043016,0.01209569653043016,1.149507988875661,-0.0025421506054217335
2025-08-22,Static 60/40,,,,,,,,,,,0.6,0.4,0.0,0.0,0.0,-0.0037967656074262,-0.0037967656074262,1.1451435764780362,-0.00632926426286029
2025-08-25,Static 60/40,,,,,,,,,,,0.6,0.4,0.0,0.0,0.0,0.00227635999497076,0.00227635999497076,1.1477503355040284,-0.004067311951855279
2025-08-26,Static 60/40,,,,,,,,,,,0.6,0.4,0.0,0.0,0.0,0.00090424281322438,0.00090424281322438,1.1487881804962838,-0.0031667469762324263
2025-08-27,Static 60/40,,,,,,,,,,,0.6,0.4,0.0,0.0,0.0,0.0047436893593296,0.0047436893593296,1.1542376747642276,0.0
2025-08-28,Static 60/40,,,,,,,,,,,0.6,0.4,0.0,0.0,0.0,-0.006442484245320859,-0.006442484245320859,1.1468015167292032,-0.006442484245320901
2025-08-29,Static 60/40,,,,,,,,,,,0.6,0.4,0.0,0.0,0.0,-0.007450463856638639,-0.007450463856638639,1.1382573134780738,-0.013844948605942875
2025-09-02,Static 60/40,,,,,,,,,,,0.6,0.4,0.0,0.0,0.0,0.00760997783552982,0.00760997783552982,1.1469194264047717,-0.00634033052243832
2025-09-03,Static 60/40,,,,,,,,,,,0.6,0.4,0.0,0.0,0.0,0.00803162512163166,0.00803162512163166,1.1561310532823716,0.0
2025-09-04,Static 60/40,,,,,,,,,,,0.6,0.4,0.0,0.0,0.0,0.004312569030960061,0.004312569030960061,1.1611169482584884,0.0
2025-09-05,Static 60/40,,,,,,,,,,,0.6,0.4,0.0,0.0,0.0,0.0067666938166036006,0.0067666938166036006,1.1689738711326227,0.0
2025-09-08,Static 60/40,,,,,,,,,,,0.6,0.4,0.0,0.0,0.0,-0.0008941804093321203,-0.0008941804093321203,1.167928597598035,-0.0008941804093320904
2025-09-09,Static 60/40,,,,,,,,,,,0.6,0.4,0.0,0.0,0.0,0.004011742079068081,0.004011742079068081,1.172614025898366,0.0
2025-09-10,Static 60/40,,,,,,,,,,,0.6,0.4,0.0,0.0,0.0,0.007630967018357519,0.007630967018357519,1.1815622048552596,0.0
2025-09-11,Static 60/40,,,,,,,,,,,0.6,0.4,0.0,0.0,0.0,-0.0019313590471447002,-0.0019313590471447002,1.1792801840011482,-0.0019313590471446984
2025-09-12,Static 60/40,,,,,,,,,,,0.6,0.4,0.0,0.0,0.0,0.0041186635822424,0.0041186635822424,1.1841372423482537,0.0
2025-09-15,Static 60/40,,,,,,,,,,,0.6,0.4,0.0,0.0,0.0,1.538256621246004e-05,1.538256621246004e-05,1.1841554574177886,0.0
2025-09-16,Static 60/40,,,,,,,,,,,0.6,0.4,0.0,0.0,0.0,-0.0017655067839208402,-0.0017655067839208402,1.1820648229245005,-0.001765506783920845
2025-09-17,Static 60/40,,,,,,,,,,,0.6,0.4,0.0,0.0,0.0,-0.0013522788569886404,-0.0013522788569886404,1.1804663416568697,-0.0031153981834137756
2025-09-18,Static 60/40,,,,,,,,,,,0.6,0.4,0.0,0.0,0.0,0.00220121953963054,0.00220121953963054,1.183064807234001,-0.000921036319138202
2025-09-19,Static 60/40,,,,,,,,,,,0.6,0.4,0.0,0.0,0.0,0.0013914856112601597,0.0013914856112601597,1.1847110248904555,0.0
2025-09-22,Static 60/40,,,,,,,,,,,0.6,0.4,0.0,0.0,0.0,-0.0004887882802315398,-0.0004887882802315398,1.184131952026028,-0.0004887882802314669
2025-09-23,Static 60/40,,,,,,,,,,,0.6,0.4,0.0,0.0,0.0,-0.00343758852864006,-0.00343758852864006,1.1800613936113473,-0.003924696555886453
2025-09-24,Static 60/40,,,,,,,,,,,0.6,0.4,0.0,0.0,0.0,-0.0027745035080788197,-0.0027745035080788197,1.1767873091350243,-0.006688310979602763
2025-09-25,Static 60/40,,,,,,,,,,,0.6,0.4,0.0,0.0,0.0,0.00306785482528484,0.00306785482528484,1.1803975217596883,-0.003640974921429563
2025-09-26,Static 60/40,,,,,,,,,,,0.6,0.4,0.0,0.0,0.0,0.00495506481751998,0.00495506481751998,1.1862464679904476,0.0
2025-09-29,Static 60/40,,,,,,,,,,,0.6,0.4,0.0,0.0,0.0,0.0010938464681008798,0.0010938464681008798,1.1875440394997563,0.0
2025-09-30,Static 60/40,,,,,,,,,,,0.6,0.4,0.0,0.0,0.0,0.0030727163866315797,0.0030727163866315797,1.1911930255297738,0.0
2025-10-01,Static 60/40,,,,,,,,,,,0.6,0.4,0.0,0.0,0.0,0.00185376473598376,0.00185376473598376,1.1934012171542507,0.0
2025-10-02,Static 60/40,,,,,,,,,,,0.6,0.4,0.0,0.0,0.0,-0.0007690230569068679,-0.0007690230569068679,1.1924834641021185,-0.0007690230569068479
2025-10-03,Static 60/40,,,,,,,,,,,0.6,0.4,0.0,0.0,0.0,-0.0010421827202425605,-0.0010421827202425605,1.1912406784416563,-0.001810404314607994
2025-10-06,Static 60/40,,,,,,,,,,,0.6,0.4,0.0,0.0,0.0,6.546666208268005e-05,6.546666208268005e-05,1.191318664992611,-0.001745056173652726
2025-10-07,Static 60/40,,,,,,,,,,,0.6,0.4,0.0,0.0,0.0,0.00388102762990814,0.00388102762990814,1.1959422056474727,0.0
2025-10-08,Static 60/40,,,,,,,,,,,0.6,0.4,0.0,0.0,0.0,-0.00205454906049222,-0.00205454906049222,1.1934850837124567,-0.0020545490604921834
2025-10-09,Static 60/40,,,,,,,,,,,0.6,0.4,0.0,0.0,0.0,-0.010032672174223798,-0.010032672174223798,1.1815112391227436,-0.012066608617526176
2025-10-10,Static 60/40,,,,,,,,,,,0.6,0.4,0.0,0.0,0.0,0.00891579317258672,0.00891579317258672,1.1920453489618485,-0.003258398831667897
2025-10-13,Static 60/40,,,,,,,,,,,0.6,0.4,0.0,0.0,0.0,0.0005452874155103402,0.0005452874155103402,1.192695356289355,-0.002714888180035291
2025-10-14,Static 60/40,,,,,,,,,,,0.6,0.4,0.0,0.0,0.0,0.0017763852086463802,0.0017763852086463802,1.1948140426786886,-0.0009433256585951177
2025-10-15,Static 60/40,,,,,,,,,,,0.6,0.4,0.0,0.0,0.0,-0.0011111381332190393,-0.0011111381332190393,1.1934864392337627,-0.0020534156267028036
2025-10-16,Static 60/40,,,,,,,,,,,0.6,0.4,0.0,0.0,0.0,0.0027826610062863,0.0027826610062863,1.19680750740975,0.0
2025-10-17,Static 60/40,,,,,,,,,,,0.6,0.4,0.0,0.0,0.0,0.00774021087069698,0.00774021087069698,1.2060710498887346,0.0
2025-10-20,Static 60/40,,,,,,,,,,,0.6,0.4,0.0,0.0,0.0,0.0019523940451361959,0.0019523940451361959,1.2084257758245487,0.0
2025-10-21,Static 60/40,,,,,,,,,,,0.6,0.4,0.0,0.0,0.0,-0.00286675777826702,-0.00286675777826702,1.2049615118322452,-0.0028667577782670595
2025-10-22,Static 60/40,,,,,,,,,,,0.6,0.4,0.0,0.0,0.0,0.0008006724907865001,0.0008006724907865001,1.2059262913672257,-0.0020683806215714418
2025-10-23,Static 60/40,,,,,,,,,,,0.6,0.4,0.0,0.0,0.0,0.00505864545620218,0.00505864545620218,1.2120266449215653,0.0
2025-10-24,Static 60/40,,,,,,,,,,,0.6,0.4,0.0,0.0,0.0,0.00839047197529196,0.00839047197529196,1.2221961205190868,0.0
2025-10-27,Static 60/40,,,,,,,,,,,0.6,0.4,0.0,0.0,0.0,0.0026361270097453597,0.0026361270097453597,1.2254179847235933,0.0
2025-10-28,Static 60/40,,,,,,,,,,,0.6,0.4,0.0,0.0,0.0,-0.0037749674444914004,-0.0037749674444914004,1.2207920717253675,-0.0037749674444913506
2025-10-29,Static 60/40,,,,,,,,,,,0.6,0.4,0.0,0.0,0.0,-0.00896963139453894,-0.00896963139453894,1.2098420168326154,-0.01271073877252693
2025-10-30,Static 60/40,,,,,,,,,,,0.6,0.4,0.0,0.0,0.0,0.0007704487395463397,0.0007704487395463397,1.2107741380895343,-0.011950083005646595
2025-10-31,Static 60/40,,,,,,,,,,,0.6,0.4,0.0,0.0,0.0,0.00012342033657665994,0.00012342033657665994,1.2109235722411757,-0.01182813755233647
2025-11-03,Static 60/40,,,,,,,,,,,0.6,0.4,0.0,0.0,0.0,-0.006264139320695839,-0.006264139320695839,1.2033381782779424,-0.018018183771499996
2025-11-04,Static 60/40,,,,,,,,,,,0.6,0.4,0.0,0.0,0.0,-0.0023067498581631203,-0.0023067498581631203,1.2005623781058774,-0.02028337018680393
2025-11-05,Static 60/40,,,,,,,,,,,0.6,0.4,0.0,0.0,0.0,-0.0028913732339945993,-0.0028913732339945993,1.1970911041800811,-0.0231160966271452
2025-11-06,Static 60/40,,,,,,,,,,,0.6,0.4,0.0,0.0,0.0,-0.0002571375694417,-0.0002571375694417,1.196783287083152,-0.023367290179685196
2025-11-07,Static 60/40,,,,,,,,,,,0.6,0.4,0.0,0.0,0.0,0.00920092034284342,0.00920092034284342,1.2077947947752503,-0.014381370412413275
2025-11-10,Static 60/40,,,,,,,,,,,0.6,0.4,0.0,0.0,0.0,0.00319918840823728,0.00319918840823728,1.2116587578822244,-0.011228190717694098
2025-11-11,Static 60/40,,,,,,,,,,,0.6,0.4,0.0,0.0,0.0,0.00104460974981292,0.00104460974981292,1.2129244684341545,-0.010195310045377659
2025-11-12,Static 60/40,,,,,,,,,,,0.6,0.4,0.0,0.0,0.0,-0.013338037014367359,-0.013338037014367359,1.1967464369785479,-0.023397361636986802
2025-11-13,Static 60/40,,,,,,,,,,,0.6,0.4,0.0,0.0,0.0,-0.0023871757728598196,-0.0023871757728598196,1.1938895928779363,-0.025728683794998042
2025-11-14,Static 60/40,,,,,,,,,,,0.6,0.4,0.0,0.0,0.0,-0.0046270814386282595,-0.0046270814386282595,1.1883653685029594,-0.0302367165183981
2025-11-17,Static 60/40,,,,,,,,,,,0.6,0.4,0.0,0.0,0.0,-0.0051944965901251205,-0.0051944965901251205,1.1821924086484479,-0.03527414858767186
2025-11-18,Static 60/40,,,,,,,,,,,0.6,0.4,0.0,0.0,0.0,0.00150415016353202,0.00150415016353202,1.1839706035532427,-0.033823056040506505
2025-11-19,Static 60/40,,,,,,,,,,,0.6,0.4,0.0,0.0,0.0,-0.0076436268078177,-0.0076436268078177,1.174920774108255,-0.041208152030450695
2025-11-20,Static 60/40,,,,,,,,,,,0.6,0.4,0.0,0.0,0.0,0.0071556486766134395,0.0071556486766134395,1.1833280943906284,-0.03434737441237967
2025-11-21,Static 60/40,,,,,,,,,,,0.6,0.4,0.0,0.0,0.0,0.01103961944721058,0.01103961944721058,1.1963915862338939,-0.023686936907692524
2025-11-24,Static 60/40,,,,,,,,,,,0.6,0.4,0.0,0.0,0.0,0.0066379961674950805,0.0066379961674950805,1.2043332289981379,-0.01720617453661033
2025-11-25,Static 60/40,,,,,,,,,,,0.6,0.4,0.0,0.0,0.0,0.00589702481700816,0.00589702481700816,1.2114352119374876,-0.01141061495785023
2025-11-26,Static 60/40,,,,,,,,,,,0.6,0.4,0.0,0.0,0.0,0.0013639634401223196,0.0013639634401223196,1.2130875652766473,-0.010062215179359568
2025-11-28,Static 60/40,,,,,,,,,,,0.6,0.4,0.0,0.0,0.0,-0.00775631778150278,-0.00775631778150278,1.203678472623572,-0.017740487222345447
2025-12-01,Static 60/40,,,,,,,,,,,0.6,0.4,0.0,0.0,0.0,0.0012905600771368798,0.0012905600771368798,1.2052318920060492,-0.016472822309766655
2025-12-02,Static 60/40,,,,,,,,,,,0.6,0.4,0.0,0.0,0.0,0.00319845970237988,0.00319845970237988,1.2090867776446537,-0.013327050265729001
2025-12-03,Static 60/40,,,,,,,,,,,0.6,0.4,0.0,0.0,0.0,-0.0017231615697598803,-0.0017231615697598803,1.2070033257749115,-0.015027247174632774
2025-12-04,Static 60/40,,,,,,,,,,,0.6,0.4,0.0,0.0,0.0,-0.0007170573101630601,-0.0007170573101630601,1.2061378352167735,-0.01573352908735759
2025-12-05,Static 60/40,,,,,,,,,,,0.6,0.4,0.0,0.0,0.0,-0.00312313665966212,-0.00312313665966212,1.2023709019270026,-0.018807527785541067
2025-12-08,Static 60/40,,,,,,,,,,,0.6,0.4,0.0,0.0,0.0,-0.00010860781904061992,-0.00010860781904061992,1.2022403150456664,-0.018914092960007345
2025-12-09,Static 60/40,,,,,,,,,,,0.6,0.4,0.0,0.0,0.0,0.0055091497121769395,0.0055091497121769395,1.2088636369312677,-0.013509143817617142
2025-12-10,Static 60/40,,,,,,,,,,,0.6,0.4,0.0,0.0,0.0,0.00085064901926046,0.00085064901926046,1.2098919555984429,-0.01266998633829619
2025-12-11,Static 60/40,,,,,,,,,,,0.6,0.4,0.0,0.0,0.0,-0.01036014375467654,-0.01036014375467654,1.1973573010108163,-0.022898867213138274
2025-12-12,Static 60/40,,,,,,,,,,,0.6,0.4,0.0,0.0,0.0,-0.0006324592418498998,-0.0006324592418498998,1.1966000213199957,-0.023516843854791247
2025-12-15,Static 60/40,,,,,,,,,,,0.6,0.4,0.0,0.0,0.0,0.0005491173265682399,0.0005491173265682399,1.1972570951246744,-0.022980640034649835
2025-12-16,Static 60/40,,,,,,,,,,,0.6,0.4,0.0,0.0,0.0,-0.007003043940862279,-0.007003043940862279,1.188872651079007,-0.029822749543560345
2025-12-17,Static 60/40,,,,,,,,,,,0.6,0.4,0.0,0.0,0.0,0.0064226508649272394,0.0064226508649272394,1.196508365039748,-0.02359163978678369
2025-12-18,Static 60/40,,,,,,,,,,,0.6,0.4,0.0,0.0,0.0,0.0039178338992285205,0.0039178338992285205,1.201196086073011,-0.019766234013650186
2025-12-19,Static 60/40,,,,,,,,,,,0.6,0.4,0.0,0.0,0.0,0.0028572917525180397,0.0028572917525180397,1.2046282537429045,-0.01696542015855773
2025-12-22,Static 60/40,,,,,,,,,,,0.6,0.4,0.0,0.0,0.0,0.0033765354327093,0.0033765354327093,1.20869572372491,-0.013646169068144642
2025-12-23,Static 60/40,,,,,,,,,,,0.6,0.4,0.0,0.0,0.0,0.00452239638814596,0.00452239638814596,1.214161924900251,-0.009185486065704462
2025-12-24,Static 60/40,,,,,,,,,,,0.6,0.4,0.0,0.0,0.0,-0.0013807477532512,-0.0013807477532512,1.2124854735503618,-0.010553550979708004
2025-12-26,Static 60/40,,,,,,,,,,,0.6,0.4,0.0,0.0,0.0,-0.0006403808889981798,-0.0006403808889981798,1.2117090210249122,-0.011187173576347798
2025-12-29,Static 60/40,,,,,,,,,,,0.6,0.4,0.0,0.0,0.0,-0.00168801286200006,-0.00168801286200006,1.2096636406124206,-0.012856302345461534
2025-12-30,Static 60/40,,,,,,,,,,,0.6,0.4,0.0,0.0,0.0,-0.00766156980040418,-0.00766156980040418,1.2003957181948575,-0.020419372688070925
2025-12-31,Static 60/40,,,,,,,,,,,0.6,0.4,0.0,0.0,0.0,0.0005017268772393,0.0005017268772393,1.2009979889899989,-0.019927890758925537
2026-01-02,Static 60/40,,,,,,,,,,,0.6,0.4,0.0,0.0,0.0,0.00595430435642276,0.00595430435642276,1.208149096547897,-0.014092243129263049
2026-01-05,Static 60/40,,,,,,,,,,,0.6,0.4,0.0,0.0,0.0,0.00273365734738512,0.00273365734738512,1.2114517622024117,-0.01139710914584946
2026-01-06,Static 60/40,,,,,,,,,,,0.6,0.4,0.0,0.0,0.0,0.0003933944660289002,0.0003933944660289002,1.2119283406215229,-0.011008198239487399
2026-01-07,Static 60/40,,,,,,,,,,,0.6,0.4,0.0,0.0,0.0,-0.00207076043402056,-0.00207076043402056,1.2094187273648958,-0.013056163332143655
2026-01-08,Static 60/40,,,,,,,,,,,0.6,0.4,0.0,0.0,0.0,0.00660215528484626,0.00660215528484626,1.21740349760736,-0.006540206865040532
2026-01-09,Static 60/40,,,,,,,,,,,0.6,0.4,0.0,0.0,0.0,-0.00024302388818324004,-0.00024302388818324004,1.2171076394758835,-0.006781641326721877
2026-01-12,Static 60/40,,,,,,,,,,,0.6,0.4,0.0,0.0,0.0,-0.00051706103882924,-0.00051706103882924,1.2164783205354492,-0.007295195843041724
2026-01-13,Static 60/40,,,,,,,,,,,0.6,0.4,0.0,0.0,0.0,-0.0006401707767382196,-0.0006401707767382196,1.2156995666641068,-0.007930696448590568
2026-01-14,Static 60/40,,,,,,,,,,,0.6,0.4,0.0,0.0,0.0,0.0015410736112916401,0.0015410736112916401,1.2175730491855516,-0.006401844624315034
2026-01-15,Static 60/40,,,,,,,,,,,0.6,0.4,0.0,0.0,0.0,-0.0028196345719681605,-0.0028196345719681605,1.2141399381221714,-0.009203428333856123
2026-01-16,Static 60/40,,,,,,,,,,,0.6,0.4,0.0,0.0,0.0,-0.017613927135233,-0.017613927135233,1.192754165720111,-0.026655246953022238
2026-01-20,Static 60/40,,,,,,,,,,,0.6,0.4,0.0,0.0,0.0,0.009920207911243761,0.009920207911243761,1.2045865350310565,-0.016999464633478123
2026-01-21,Static 60/40,,,,,,,,,,,0.6,0.4,0.0,0.0,0.0,0.004862951221816399,0.004862951221816399,1.2104443805933693,-0.012219180978971345
2026-01-22,Static 60/40,,,,,,,,,,,0.6,0.4,0.0,0.0,0.0,0.0013108898695191802,0.0013108898695191802,1.2120311398695056,-0.010924309110011299
2026-01-23,Static 60/40,,,,,,,,,,,0.6,0.4,0.0,0.0,0.0,0.00494519830485904,0.00494519830485904,1.2180248742078246,-0.006033133680044989
2026-01-26,Static 60/40,,,,,,,,,,,0.6,0.4,0.0,0.0,0.0,-0.00011203357056124028,-0.00011203357056124028,1.2178884145321347,-0.006144491337098379
2026-01-27,Static 60/40,,,,,,,,,,,0.6,0.4,0.0,0.0,0.0,-0.0009726278886019,-0.0009726278886019,1.2167038622949555,-0.007111142922064495
2026-01-28,Static 60/40,,,,,,,,,,,0.6,0.4,0.0,0.0,0.0,-0.0011004787925924598,-0.0011004787925924598,1.2153649054976345,-0.008203796052680179
2026-01-29,Static 60/40,,,,,,,,,,,0.6,0.4,0.0,0.0,0.0,-0.00403544217020044,-0.00403544217020044,1.2104603707058077,-0.012206132278334003
2026-01-30,Static 60/40,,,,,,,,,,,0.6,0.4,0.0,0.0,0.0,0.00183091482786354,0.00183091482786354,1.212676620547074,-0.010397565839049827
2026-02-02,Static 60/40,,,,,,,,,,,0.6,0.4,0.0,0.0,0.0,-0.004125435894106539,-0.004125435894106539,1.2076738008887253,-0.014480107241832574
2026-02-03,Static 60/40,,,,,,,,,,,0.6,0.4,0.0,0.0,0.0,-0.003928999093396,-0.003928999093396,1.2029288516199155,-0.018352214007003154
2026-02-04,Static 60/40,,,,,,,,,,,0.6,0.4,0.0,0.0,0.0,-0.0032193522814555594,-0.0032193522814555594,1.1990561998770242,-0.021512484046425473
2026-02-05,Static 60/40,,,,,,,,,,,0.6,0.4,0.0,0.0,0.0,0.01167605555428198,0.01167605555428198,1.2130564466794946,-0.010087609450980084
2026-02-06,Static 60/40,,,,,,,,,,,0.6,0.4,0.0,0.0,0.0,0.00279472665310908,0.00279472665310908,1.2164466078627556,-0.007321074908869796
2026-02-09,Static 60/40,,,,,,,,,,,0.6,0.4,0.0,0.0,0.0,0.00300530869832578,0.00300530869832578,1.2201024054344143,-0.004337768300648914
2026-02-10,Static 60/40,,,,,,,,,,,0.6,0.4,0.0,0.0,0.0,-0.0022679059956302403,-0.0022679059956302403,1.2173353278738468,-0.006595836645542308
2026-02-11,Static 60/40,,,,,,,,,,,0.6,0.4,0.0,0.0,0.0,-0.004062098369737099,-0.004062098369737099,1.212390392023067,-0.010631142077994649
2026-02-12,Static 60/40,,,,,,,,,,,0.6,0.4,0.0,0.0,0.0,0.0026131152462537397,0.0026131152462537397,1.2155585078408742,-0.008045807231189861
2026-02-13,Static 60/40,,,,,,,,,,,0.6,0.4,0.0,0.0,0.0,0.00163550035033794,0.00163550035033794,1.2175465542063042,-0.006423465801397188
2026-02-17,Static 60/40,,,,,,,,,,,0.6,0.4,0.0,0.0,0.0,0.0014988664071202999,0.0014988664071202999,1.2193714938355091,-0.004934227311383932
2026-02-18,Static 60/40,,,,,,,,,,,0.6,0.4,0.0,0.0,0.0,-0.00118263898894426,-0.00118263898894426,1.217929417564892,-0.006111030890729396
2026-02-19,Static 60/40,,,,,,,,,,,0.6,0.4,0.0,0.0,0.0,0.0033851380168931997,0.0033851380168931997,1.2220522767381836,-0.002746579556826778
2026-02-20,Static 60/40,,,,,,,,,,,0.6,0.4,0.0,0.0,0.0,-0.00468468644907874,-0.00468468644907874,1.2163273449972825,-0.0074183991418743656
2026-02-23,Static 60/40,,,,,,,,,,,0.6,0.4,0.0,0.0,0.0,0.0050578411596027195,0.0050578411596027195,1.2224793355063601,-0.0023980790667896823
2026-02-24,Static 60/40,,,,,,,,,,,0.6,0.4,0.0,0.0,0.0,0.00508628661056188,0.00508628661056188,1.2286972157822347,0.0
2026-02-25,Static 60/40,,,,,,,,,,,0.6,0.4,0.0,0.0,0.0,-0.0017436189932464995,-0.0017436189932464995,1.2265548359798477,-0.0017436189932464874
2026-02-26,Static 60/40,,,,,,,,,,,0.6,0.4,0.0,0.0,0.0,-0.0004583581037094198,-0.0004583581037094198,1.2259926346311323,-0.00220117789506058
2026-02-27,Static 60/40,,,,,,,,,,,0.6,0.4,0.0,0.0,0.0,-0.00369608087861138,-0.00369608087861138,1.2214612666969538,-0.005889123042143618
2026-03-02,Static 60/40,,,,,,,,,,,0.6,0.4,0.0,0.0,0.0,-0.006116336241850781,-0.006116336241850781,1.2139903988834382,-0.011969439427299111
2026-03-03,Static 60/40,,,,,,,,,,,0.6,0.4,0.0,0.0,0.0,0.00296398445364358,0.00296398445364358,1.2175886475526012,-0.009040932206036856
2026-03-04,Static 60/40,,,,,,,,,,,0.6,0.4,0.0,0.0,0.0,-0.00497320957315678,-0.00497320957315678,1.2115333240344255,-0.013969179328596426
2026-03-05,Static 60/40,,,,,,,,,,,0.6,0.4,0.0,0.0,0.0,-0.009405711414170539,-0.009405711414170539,1.2001379912199068,-0.023243500673309492
2026-03-06,Static 60/40,,,,,,,,,,,0.6,0.4,0.0,0.0,0.0,0.00869986785876396,0.00869986785876396,1.2105790331558024,-0.014745848198978395
2026-03-09,Static 60/40,,,,,,,,,,,0.6,0.4,0.0,0.0,0.0,-0.005246546615735599,-0.005246546615735599,1.2042276738263182,-0.019915030034749592
2026-03-10,Static 60/40,,,,,,,,,,,0.6,0.4,0.0,0.0,0.0,-0.005952580079098341,-0.005952580079098341,1.1970594121644007,-0.02574906430278856
2026-03-11,Static 60/40,,,,,,,,,,,0.6,0.4,0.0,0.0,0.0,-0.00996198345582778,-0.00996198345582778,1.185134326104776,-0.03545453600602888
2026-03-12,Static 60/40,,,,,,,,,,,0.6,0.4,0.0,0.0,0.0,-0.00538828850384092,-0.00538828850384092,1.1787484804399184,-0.04065178524109947
2026-03-13,Static 60/40,,,,,,,,,,,0.6,0.4,0.0,0.0,0.0,0.00916013912477224,0.00916013912477224,1.189545980513862,-0.0318640221248061
2026-03-16,Static 60/40,,,,,,,,,,,0.6,0.4,0.0,0.0,0.0,0.00267553676637056,0.00267553676637056,1.1927286545200153,-0.029273738721154685
2026-03-17,Static 60/40,,,,,,,,,,,0.6,0.4,0.0,0.0,0.0,-0.01067874227697934,-0.01067874227697934,1.179991812612028,-0.03963987428684701
2026-03-18,Static 60/40,,,,,,,,,,,0.6,0.4,0.0,0.0,0.0,0.0009500848201988001,0.0009500848201988001,1.1811129049211495,-0.03872745070948269
2026-03-19,Static 60/40,,,,,,,,,,,0.6,0.4,0.0,0.0,0.0,-0.01632605565769774,-0.01632605565769774,1.1618299898973818,-0.05442123985141667
2026-03-20,Static 60/40,,,,,,,,,,,0.6,0.4,0.0,0.0,0.0,0.00886849167959978,0.00886849167959978,1.1721336694958964,-0.04603538248463257
2026-03-23,Static 60/40,,,,,,,,,,,0.6,0.4,0.0,0.0,0.0,-0.00378083679822678,-0.00378083679822678,1.1677020233858257,-0.049642167014741
2026-03-24,Static 60/40,,,,,,,,,,,0.6,0.4,0.0,0.0,0.0,0.0071758550165729,0.0071758550165729,1.176081283808201,-0.042822536991374505
2026-03-25,Static 60/40,,,,,,,,,,,0.6,0.4,0.0,0.0,0.0,-0.014188772710103,-0.014188772710103,1.1593941337836404,-0.05640371045723691
2026-03-26,Static 60/40,,,,,,,,,,,0.6,0.4,0.0,0.0,0.0,-0.012508610151591161,-0.012508610151591161,1.144891724552099,-0.06820678858361529
2026-03-27,Static 60/40,,,,,,,,,,,0.6,0.4,0.0,0.0,0.0,0.0032800330736885005,0.0032800330736885005,1.1486470072744221,-0.06515047603233115
